{
  "temperature_2m_max": 0.8818247775255046,
  "temperature_2m_min": 0.020282684147917063,
  "precipitation_sum": 0.021941834510209167,
  "windspeed_10m_max": 0.026461620344381435,
  "temp_max_lag1": 0.028014097750161063,
  "temp_min_lag1": 0.021474985721826868
}